video_id,channel_name,video_title,freq_cut_per_video,video_duration_sec,dominant_color,view_count,title_word_count,video_category,is_for_kids,date_published_cleaned,key_dopamine_factor,dopamine_label
ntv_sYztDes,Master Speak English,My Family,1,271,White,569,2,Informative,0,25-07-2025,No Dominant Factor,0
vqVUZIFWfgg,Binge Central,The Most Expensive Celebrity Watches In The World,1,300,No Dominant Color,20109,8,Informative,0,26-04-2020,No Dominant Factor,0
zZo-5DZNnEo,Mystery Science,Why don't people fall out of roller coasters when they go upside down?,1,414,Multi Colors,3458634,13,Informative,1,12-10-2021,Discovery,1
1P3ZgLOy-w8,Green Tree Production,HOPE(2020),1,512,Blue,52574724,1,Entertainment ,1,06-08-2022,Unique Animation Style,1
Q4V9aQQLYtw,Life Guide,How to Overcome Failure,0,231,Brown,45433,4,Motivation,0,02-02-2025,Distinctive Sound Effects,0
BjkIOU5PhyQ,Walt Disney Animation Studios,Zootopia 2 Trailer,1,141,Multi Colors,1683006,3,Entertainment,1,30-07-2025,Unique Animation Style,1
_OLDuYynPZ0,Learning Made Simple,"Epic Opposite Adventures: The Ultimate Big & Small, Hot & Cold & More With Daily Used Sentences",1,479,No Dominant Color,111886,14,Entertainment,1,07-07-2025,No Dominant Factor,0
gf2BMnaHzUI,Red bull,Kyle Strait Demos an Epic Flat Table,0,84,Brown,73718,7,Education,0,03-07-2008,No Dominant Factor,0
Mgo7fNVihqI,Let Me Explain Studios,My Childhood Fears,0,540,Purple,12088799,3,Education,0,08-01-2022,Element of Surprise,1
h4SmxOHR2Pw,Vocal Motion Show Choir,"""God Only Knows"" with ""Awesome God"" ",1,279,Peach,525149,6,Music,0,17-04-2024,Catchy/Melodic Music,0
K6DSMZ8b3LE,Hopscotch,Seven Continents Song,0,122,Blue,80848379,3,Music,1,11-08-2017,Distinctive Sound Effects,1
pX2zvfD6GCY,The Independent,Zuckerberg and Senator Hawley clash in fiery child safety hearing,0,384,No Dominant Color,1418162,10,Informative,0,01-02-2024,No Dominant Factor,0
hsXB4Fn_qpk,AI Future Scenes25,â€œThe Terraced Eco-City of the Future: A Droneâ€™s Eye Viewâ€,0,118,Blue,571,11,Informative,0,05-07-2025,No Dominant Factor,0
4YLFGGdTTFc,Aquarium Info,I Made A LUCKY BAMBOO Axolotl Tank,1,195,Green,287953,7,Entertainment ,1,19-02-2021,Distinctive Sound Effects,1
7DEMQ0KkRQ4,Living Seed Animations,Stop PROVING Yourself,1,361,White,8105,3,Motivation,0,13-07-2025,No Dominant Factor,0
yApM21L0GgY,FORMULA 1,Race Highlights,1,484,Red,5040975,2,Entertainment,0,27-07-2025,Action Battle,1
SO7KnOctr_E,Whamtan,"Labatt Blue ""Nightclub"" Commercial from the early 1990's",1,30,No Dominant Color,2403,8,Advertisment,0,05-11-2012,No Dominant Factor,0
jdmPSjon6w4,Dantic,I Tried Gaming In EVERY Airplane Seat,1,1603,Multi Colors,33662506,7,Gaming,0,01-03-2025,Element of Surprise,1
Yd7alWep_Jc,Erik W,Skydive City Hop N Pop,0,673,No Dominant Color,814248,5,Entertainment,0,01-05-2025,Exploration and Discovery,0
6Pm0Mn0-jYU,CNBC Make It,Why Finland And Denmark Are Happier Than The U.S.,1,1544,Pastel Colors,10634959,9,Tourism,0,09-01-2020,Exploration and Discovery,1
NUMz00m8ySk,Parts of Body,Parts of Body,1,210,White,730018,3,Education,1,21-01-2025,Creative Elements,0
k3ri6deSnjM,CBC Kids News,Kids react to getting vaccinated,1,160,Peach,436048,5, Informative,1,25-04-2019,Element of Surprise,0
rKp4pe92ljg,Jared Owem,How does an Elevator work?,1,692,White,5706913,5,Informative,0,06-04-2023,On-screen Positive Feedback,1
AVO_cLGFxik,HZHtube Kids Fun,Restaurant Drive Thru play & Ride On Car for Kids,1,380,Yellow,118491679,9,Entertainment,1,09-05-2018,Imaginative Play Scenarios,1
NYQl9-5FpQM,Nat Geo Kids,Intro to Cool Science Experiments,0,79,No Dominant Color,411094,5,Music,1,12-03-2015,No Dominant Factor,0
3oApwYWcnQk,Nat Geo Kids,Cosmic Costumer | You Wanna Be a What?!,1,152,No Dominant Color,44850,7,Informative,1,12-01-2015,Exploration and Discovery,0
3gbhi-l0tEg,Brigette Laurie,moments from autumn | london video diary,1,303,No Dominant Color,11410,6,Travel Vlog,0,12-04-2024,Exploration and Discovery,0
uohfVBaHkXs,LeoNataFamily,He turned out to be an angel ,1,34,Green,1354133747,7,Entertainment,1,26-06-2022,Character Novelty,1
Q6vVuj3iggE,Mark Rober,Skin a Watermelon Party Trick,1,171,Red,147896353,5,Informative,0,31-08-2015,Element of Surprise,1
fvyBCesuxMM,Disruptor Comedy,The New Kid | Doritos Commercial,1,30,No Dominant Color,74669219,5,Advertisement,0,15-11-2015,No Dominant Factor,1
S84fHUZdOGs,Chris kids Show,Chris and Magic Faucet Adventure ,1,1870,Yellow,105188203,5,Entertainment,1,07-12-2024,Familiar Characters,1
U7ZOFL68B8c,Motiversity,"THE ART OF WINNING - The Most Powerful Motivational Speeches for Success, Athletes & Working Out",1,615,No Dominant Color,129120,15,Motivation,0,17-06-2025,On-screen Positive Feedback,1
osz6xJnsPpU,Tales by Monisha 2.0,He Lost Everythingâ€¦ But Never Gave Up ,1,431,Pastel Colors,106650,7,Motivation,0,08-04-2025,Discipline,0
JYNyQcblzgI,Mr Bean,ARMCHAIR Bean  Funny Clips Mr Bean Official,1,903,Green,160911863,6,Entertainment ,1,03-04-2020,Familiar Characters,1
e_04ZrNroTo,Cocomelon - Nursery Rhymes,Wheels on the Bus,1,228,Multi Colors,7611337290,4,Music,1,24-05-2018,Visual Effects,1
A1vdKfXlB_g,Scratch Garden,The Dance Freeze Song,1,272,Multi Colors,334080687,4,Music,1,10-02-2020,Repetitive Music/Audio,1
7WsV8SiFTT0,Stories Realm,The Ticking Penny By Charles Dicken,1,334,Yellow,544,6,Entertainment,0,07-01-2025,No Dominant Factor,0
bBta-wANxy8,Marvel HQ,Venom Spidey vs Hulk!Â ,1,230,Green,54612083,4,Entertainment ,1,19-12-2018,Familiar Characters,1
t_a1wsVjp5M,Boey Bear - Toddler Learning Videos,Circle Time Tuesday! (For preschool & toddlers to learn at home),0,405,Yellow,92675,11,Education,1,16-06-2020,Creative Elements,0
qzj2dIEuxxs,5-Minute Crafts,DIY FIDGET TOYS IS THIS THE MOST SATISFYING SLIME EVER? ,1,3717,Multi Colors,8892815,10,Entertainment ,0,06-12-2024,Visual Effects,1
xLEEM0t6kCo,Peep and the Big Wide World,Peep and the Big Wide World: Collecting and Sorting,1,88,No Dominant Color,87722,9,Entertainment,1,04-06-2011,Exploration and Discovery,0
HJFxTsX0Ok0,WB Kids,Tom & Jerry  Is Jerry Taking Care of Tom? ,1,280,Yellow,102531483,8,Entertainment ,1,27-06-2020,Distinctive Sound Effects,1
4K2gSuFdqgY,Travis in WONDERLAND,TRAVIS @ 3 MONTHS,1,632,No Dominant Color,3607869,4,Vlog,1,05-04-2018,Character Novelty,1
xpzflTfm8k0,Jared Owen,What's inside of the Eiffel Tower?,1,353,Blue,5107316,6,Informative,0,27-09-2019,No Dominant Factor,0
16T0lvYHtkE,WB Kids,Tom & JerryÂ ,0,1662,No Dominant Color,201867425,3,Entertainment ,1,31-08-2018,Familiar Characters,1
neYiCxCD64s,Moonbug Kids - Kids Learning Videos,Ten Little Duckies ,1,1875,Multi Colors,104485319,3,Music,1,12-08-2022,Familiar Characters,1
XqZsoesa55w,Baby Shark,Baby Shark Dance,1,136,Blue,15987051071,3,Music,1,18-06-2016,Repetitive Music/Audio,1
jjd-BeTX6U0, Ryan's World,HUGE EGGS Surprise Toys Challenge with Inflatable water slide,0,357,Yellow,2078009198,9,Entertainment ,1,13-04-2016,Element of Surprise,1
kIRwGjHpoJg,Viva Pictures,Finnick,1,878,Bright Colors,6307,1,Entertainment,0,31-07-2025,Distinctive Sound Effects,1
o0zjRGRYEhk,Let Me Explain Studios,My School Dress Codes,1,379,Pink,45684016,4,Entertainment ,0,08-03-2019,Distinctive Sound Effects,1
3ujQVQxpYKA,Interesting Facts,Moments When Things Went Wrong !,0,1178,No Dominant Color,14826,5,Entertainment ,0,30-04-2024,Visual Effects,0
S7EC6Q37o-s,Kiddoodle Rhymes - Educational Rhymes & Songs,Muffin Mouse and the Music Meadow  ,1,792,Green,136,6,Music,1,09-07-2025,No Dominant Factor,0
Gn7IoT_WSRA,TED-Ed,How containerization shaped the modern world,0,286,White,598934,6,Informative,0,12-03-2012,No Dominant Factor,0
HFTMJGHSpls,Privacy Levels,Every Password Mistake You Are Making Explained in 4 and Half Minutes,1,269,White,454,12,Informative,0,25-06-2025,No Dominant Factor,0
V67VksbvAGA,Moonbug Kids - Animal Adventures for Kids,Road Trip Buddies ,1,431,Yellow,951316,3,Entertainment ,1,04-04-2025,Distinctive Sound Effects,1
QbrSEPuFFW8,Suno Kids TV,Bartolito the RoosterÂ ,0,129,Black,43746,3,Music,1,26-12-2024,Repetitive Music/Audio,0
TPvTK-S_VR4,Sheriff Labrador,Cardboard World  Learn Occupations Fun Adventure ,1,1611,Yellow,21441888,6,Entertainment ,1,13-06-2025,Element of Surprise,1
ZLAPnjYMUbQ,neo,The History of Christmas,0,327,No Dominant Color,74293,4,Informative,0,22-12-2016,No Dominant Factor,0
95r1gyjT1sU,Toys Make Me Smile,Pretend Play Pizza Delivery & Cooking Food Kitchen Toy Set,1,377,White ,333068287,9,Entertainment ,1,08-05-2018,Element of Surprise,1
EJkn-r-rJJY,Disney Jr.,"
Keepy Uppy  Magic Xylophone Shadowlands  Bluey",1,1230,Orange,130896691,6,Entertainment ,1,09-09-2019,Familiar Characters,1
f107bFluUU4,Little Sports,BURN CALORIES AT HOME - CARDIO KIDS WORKOUT,0,784,No Dominant Color,5015,7,Informative,1,06-06-2025,Unique Animation Style,0
3bSBtqOBaRI,Vlad ,Using only ONE COLOR to build a HOUSE! Challenge from Vlad,1,489,Bright Colors,42829943,11,Entertainment ,1,23-07-2023,Familiar Characters,1
bnLrIO4J8To,My Art,30 MINS Painting BEST Compilation,1,2284,Multi Colors,6683344,5,Informative,0,11-05-2024,Creative Elements,1
oELVbEJuAkc,Buddy Son Storytime,A World Wonder â€“ An imaginative read aloud about building community and helping others!,0,358,No Dominant Color,30502,13,Short Story,1,06-06-2024,Engaging Narrative,0
L0MK7qz13bU,Disney UK,FROZEN  Let It Go Sing-along ,0,243,Silver,3539174744,6,Music,1,30-01-2014,Familiar Characters,1
q1adV0O7JmA,DW Documentary,Dogs & us - The secrets of an unbreakable friendship,0,2545,No Dominant Color,5427647,11,Documentary,0,19-09-2021,Animals,0
sJVciPS5WDI,President of India,Slovak artists perform Indian National Anthem at the Banquet hosted in honour of President Murmu,0,77,White,441577,15,Entertainment,0,10-04-2025,Familiar Characters,0
r9PeYPHdpNo,Netflix,Our Planet,0,2988,Blue,37389489,2,Nature,0,17-04-2020,Animals,0
3hnth2TVh7A,Llama Llama,Fun is More Important Than Winning!,1,140,Yellow,12521,6,Entertainment,1,08-11-2019,No Dominant Factor,0
02LAx-CZ-0Q,Andrew James,My New Life Living In NYC at 22,1,716,Multi Colors,1835577,8,Country Vlog,0,11-02-2024,Exploration and Discovery,1
iKMnIYi68xk,LongStoryShort,GANDHI'S PATH TO PEACE,1,204,Yellow,10287,4,Education,0,21-06-2025,History,0
pIzvMfI43Dg,Mystery Science,How do you know if you need glasses?,1,365,No Dominant Color,223049,8,Informative,1,27-11-2023,No Dominant Factor,0
nfWlot6h_JM,Taylor Swift,Taylor Swift - Shake It Off,1,241,No Dominant Color,3587534249,5,Music,0,19-08-2014,Catchy/Melodic Music,1
X7phS7CyRQk,Scence City ,The Boat Race Stuart Little,1,381,White,7518243,5,Entertainment,0,15-07-2023,Comedy,1
r15_6z9xryo,Sam Chui,Inside The World's Only Private Boeing 787 Dreamliner!,0,436,White,72035261,8,Informative,0,17-09-2017,Creative Elements,0
g6eCPsX5MVk,BBC Earth Kids,Diving with Dangerous Bull Sharks,1,246,Blue,46037,6,Tourism,1,11-12-2019,Exploration and Discovery,1
eviTy71jcWI,HiHo Kids,Kids Try Snacks from IndonesiaÂ ,0,242,Pink,73802542,5,Entertainment,1,06-07-2018,On-screen Positive Feedback,1
wI1xv3kIjtc,Dana Berez,Chicago Travel Video 2018,1,101,No Dominant Color,3873,4,Tourism,0,31-07-2018,Distinctive Sound Effects,0
6cqVkN-24cs,Tumble Leaf - Official Channel,FLASHLIGHT | TUBE | STRAW | GEAR | PARACHUTE,0,511,Blue,11111,5,Entertainment,1,05-03-2024,Unique Animation Style,0
xLoK5rOl8Qk,The Mindfulness Teacher,The Body Scanner! Mindfulness for Children,0,350,Blue,2855355,6,Education,1,27-02-2022,Catchy/Melodic Music,0
ueWwg4gg-hs,Simply Mills,Is This the Most Fun FAMILY FRIENDLY Medieval Town Ever?,0,544,No Dominant Color,571,10,Tourism,0,01-09-2024,No Dominant Factor,0
2jYdj9qCEos,NCERT OFFICIAL,Maths Mela Mathematics Class 4 Chapter 14 Data Handling,0,912,No Dominant Color,76,9,Education,1,29-07-2025,Engaging Narrative,0
l2BAM76LTWU,Kids Diana Show,Diana Exercises and learns the English Alphabet,1,515,Pink,174068219,7,Education,1,25-04-2025,Creative Elements,1
X30fz5YyHRs,D Billions,What's That Sound with Baby DB D Billions Kids Songs,1,196,Yellow,2351547,10,Entertainment ,1,06-07-2025,Repetitive Music/Audio,1
gNhBiw9pgUo,Miss Mina,TOKYO CAPSULE HOTEL TOUR,1,388,Grey,59416064,4,Informative,0,27-12-2017,Exploration and Discovery,0
fMack_eDumk,FilmFacts,Cars Characters In Real Life,0,180,No Dominant Color,59258,5,Informative,0,15-07-2017,Familiar Characters,0
yziMNt1rBk4,Gabe and Garrett,Gabe and Garrett,1,401,Green,537516070,5,Entertainment ,1,29-03-2013,Element of Surprise,1
tA0hYGfKSRc,The Wordy Tales,How to Discipline Your Mind,1,391,Pastel Colors,9590,5,Motivatiotion,0,01-08-2025,Engaging Narrative,0
XV1i5xWFDLc,Disney Jr,Happy Helpers Valentine's Day Party!,1,281,Pink,19776676,5,Entertainment,1,18-02-2020,Familiar Characters,1
UwsrzCVZAb8,YouTube Originals,How Far is Too Far?  The Age of A.I.,1,2079,Black,63338519,9,Informative,0,18-12-2019,No Dominant Factor,0
pEj2NWSlup4,Ospen4iki,Cute #shorts by Ospen4iki,0,5,Red,64139128,4,Entertainment,1,19-09-2024,Element of Surprise,1
xaCEwyKD_Ug,Netflix India,Bheem Cooks The Best Pongal,1,154,Orange,811544087,5,Entertainment,1,09-01-2021,Familiar Characters,1
NALzA3loLwo,English Talk With Missy,Best Day of My Life,0,423,No Dominant Color,1470,4,Informative,0,12-07-2025,No Dominant Factor,0
bLceGPDRcqk,Alexander Studios,Lego Swimming Pool,1,387,Yellow,72321248,3,Entertainment,0,10-04-2021,Unique Animation Style,1
0sJeBiUCIt4,JoBlo Movie Clips,AVATAR Clip - Final Battle (2009) James Cameron,1,630,Blue,36240432,6,Entertainment,0,13-05-2020,Familiar Characters,1
V7Iw9wNo53I,Travis in WONDERLAND,Travis and kids Playtime at the Beach,1,264,Pink,197705251,7,Entertainment,1,06-07-2019,Imaginative Play Scenarios,1
CukGuySl-c4,Daily Quiz,Guess The Flag Quiz,0,487,Brown,9451,4,Informative,0,13-01-2022,No Dominant Factor,0
qseOJv8120A,MagicBox English Stories ,Dhruva | Great Indian Epic Stories for Kids | Watch more Fairy Tales and Moral Stories in MagicBox,1,835,Multi Colors,852322,16,Short Story,1,03-11-2016,Engaging Narrative,1
uPaL7TbQ4p0,English Natively,Real-Life English from a British Homemaker,0,12059,Red,135654,7,Education,0,19-04-2025,Engaging Narrative,0
fIaQ_5irD1U,KIDZEN - Music For Kids,3 Hours of Relaxing Baby Sleep Music: Soft Kitty | Piano Music for Kids and Babies,0,10815,Green,91340,15,Music,1,02-08-2022,Catchy/Melodic Music,0
EmHq_nsvw8g,Singh in USA,TRUTH of Indian vs American Education System! Ft. Indian Students in California!,0,1350,No Dominant Color,382106,12,Informative,0,15-02-2025,No Dominant Factor,0
yZ7cBunq8xo,DisneyMusicLAVEVO,Un Poco Loco,1,138,Red,1077111950,3,Music,1,23-03-2018,Repetitive Music/Audio,1
HzdlSKlNxkw,WIRED,Aerospace Engineer Answers Airplane Questions From Twitter,0,987,White,3762123,7,Education,0,10-09-2024,No Dominant Factor,0
OnKTPVlF0yE,Discover With Ruhi Cenet,WORLD'S SHORTEST WOMAN,1,644,No Dominant Color,12264210,3,Informative,0,07-08-2022,No Dominant Factor,0
KjqtDep5mT0,Mini Moments,Try Not to Sing Challenge,1,572,Pink,159601013,5,Music,1,15-02-2023,Repetitive Music/Audio,1
CcAO9IwVB88,Kids Diana Show,Mom's Ice Cream Truck Story,1,1701,Green,100112263,5,Entertainment ,1,16-03-2025,Distinctive Sound Effects,1
FOVe6CUi9QQ,Kids Roma Show,Roma Diana and their sweetest stories for children,1,1284,Multi Colors,849400473,8,Entertainment,1,15-12-2020,Familiar Characters,1
PNTCM7cbrsc,Campus Movie Fest,Small Talk,0,299,Green,1984011,2,Entertainment ,0,08-11-2013,No Dominant Factor,0
Lt-U_t2pUHI,Marvel Entertainment,Marvel's Doctor Strange Teaser Trailer,1,122,No Dominant Color,26251226,5,Entertainment,0,13-03-2016,Familiar Characters,1
s1QqQmuSuBU,Let Me Explain Studios,Bottled Opera (by Rebecca Parham),0,137,Brown,1025778,5,Music,0,25-06-2014,No Dominant Factor,0
6W0FZmEG7E0,Kids Diana Show,Fun Summer Activities for Kids - Compilation of Summer stories 2024,1,3818,Bright Colors,18730689,9,Entertainment ,1,28-07-2024,Familiar Characters,1
j9GLtq11cPs,Piano Adventures with Jadon,Way out West,0,95,Black,44,3,Vlog,1,31-07-2025,Catchy/Melodic Music,0
N3ARCCkMOhk,Fascinating Comparison,List of National Foods of Different Countries,0,203,White,768,7,Informative,0,14-06-2023,No Dominant Factor,0
cPnbdAFrSLM,It's AumSum Time,What if Pizza Disappeared? + more videos,0,934,No Dominant Color,10599040,8,Education,1,06-02-2021,Distinctive Sound Effects,0
uYkZmpTj_-4,Elis and Thomas Tube,Little Girl Elis Ride On Pink Jeep with Cozy Coupe Little Tikes /w Thomas Toys Dirt Cross Super Bike,1,248,Pink,348112196,18,Entertainment,1,08-09-2018,Visual Effects,1
kF7WULOuRPk,B96 Chicago,This Interview with Justin Bieber at 15-Years-Old Will Melt Your Heart,1,440,Black,4400362,12,Entertainment ,0,11-09-2009,Familiar Characters,1
JffF6AqWCHE,Engineering Physics by Sanjiv,Applications of NanoTechnology,0,286,White,76261,3,Education,0,19-11-2020,No Dominant Factor,0
DEWdz8AInfk,Vlad and Niki,Vlad and Niki and useful stories about good behavior from their life,1,550,Bright Colors,595023650,12,Entertainment ,1,30-04-2022,Distinctive Sound Effects,1
zg8ABofFt3s,Celeb Stats,Henry Cavill vs Jason Momoa vs Chris Hemsworth,0,564,No Dominant Color,10306,8,Informative,0,20-01-2025,Distinctive Sound Effects,0
fdPu-wvl3KE,Cocomelon - Nursery Rhymes,Peek A Boo,1,125,Green,2547006481,3,Music,1,10-01-2018,Repetitive Music/Audio,1
FGvdNUgC5Kk,Max Reisinger,A Day In The Life At AMERICAN PUBLIC SCHOOL,0,918,No Dominant Color,9633972,9,Entertainment ,0,15-12-2019,Exploration and Discovery,0
0RssAibYGpA,Senya Toys Review,POLICE BABY Pretend Play with Police Cars Unboxing and Playing with TOYS,1,851,Green,236106809,12,Entertainment ,1,10-01-2019,Element of Surprise,1
krvlrCb1RIM,First Toons,Car Toons: A Bus. A Car Cartoon & A Bus Cartoon,1,360,Yellow,48798467,11,Entertainment,1,10-08-2017,Unique Animation Style,1
jXHOHOYkbYc,Canine Companions,Andy: A Dog's Tale  Full Film  Canine Companions,1,451,Yellow,13238144,8,Entertainment ,1,27-09-2024,Unique Animation Style,1
17ECJLPiq90,Pogo,M.A.D ,0,1343,Red,32606,1,Informative,1,29-09-2024,Creative Elements,0
Ra8S0XxGKEY,Inside Edition,Miss USA Defends Her Residence Status,0,107,Blue,26558,6,Informative,0,17-06-2014,Familiar Characters,0
uIrg6aAtOKE,Digital Butterfly,The World in 2040,1,634,White,25502,4,Informative,0,26-06-2025,Technologies,0
QMnEP2DYfmI,Daniel Yam,Ripple (Award Winning)- Kindness and good deeds will come back to you,1,347,No Dominant Color,1207749,9,Informative,0,17-07-2021,No Dominant Factor,0
EGlLMGUCUos,WildBrain Kids,Pizza Bean - Mr Bean,1,1890,Brown,107544416,4,Entertainment ,1,28-04-2021,Familiar Characters,1
Do1IiCEpxns,Walt Disney Animation Studios,Bambi and Thumper,0,175,No Dominant Color,19921,3,Informative,1,28-08-2009,No Dominant Factor,0
9pEqyr_uT-k,Red bull,World's Fastest Camera Drone Vs F1 Car (ft. Max Verstappen),1,724,No Dominant Color,31233960,10,Entertainment ,0,21-02-2024,Game-like Progression,1
I9e-nbpI9o,Vania Mania Kids,Ð’Ðœ: Ð“Ð¾Ñ‚Ð¾Ð²Ð¸Ð¼ ÐºÐ¾ÐºÑ‚ÐµÐ¹Ð»ÑŒ Ð¸ Ð¼Ð¾Ñ€Ð¾Ð¶ÐµÐ½Ð¾Ðµ Ð¤Ð°Ð±Ñ€Ð¸ÐºÐ° Ð´ÐµÑÐµÑ€Ñ‚Ð¾Ð² | Cocktail and ice cream Let's cook Fruit Factory,0,934,No Dominant Color,16576,15,Entertainment,1,10-07-2015,Character Novelty,0
nb_fFj_0rq8,Avatar,Avatar: Fire and Ash,1,145,Blue,18338256,4,Entertainment,1,28-07-2025, Unique Animation Style,1
UM8lwELum5o,Super Lev,Baby biker Super lev Stuck in the mud Gleb help on Power wheels white Car,0,456,Orange,32249006,15,Entertainment,1,18-05-2019,Distinctive Sound Effects,1
hY3tzNUjoHc,The Tonight Show Starring JImmyFallon,"
Justin Bieber and Questlove Drum-Off",1,161,No Dominant Color,44357670,6,Entertainment ,0,03-09-2015,Familiar Characters,1
ULrYVum6qZQ,Vlad and Niki,Christmas stories for kids with Vlad and Niki,1,794,Red,120212145,8,Entertainment ,1,24-12-2022,Familiar Characters,1
l-tF-u0pjuQ,Chris kids Show,Chris and Firefighters Rescue Mission,1,904,Red,18202577,5,Informative,1,17-05-2025,Element of Surprise,1
kffacxfA7G4,Justin Bieber,Baby ft. Ludacris,0,220,Blue,3401725410,3,Music,0,19-02-2009,Catchy/Melodic Music,1
2n4enj6YMnw,ChuChu TV,Phonics Song with Two Words,1,296,Green,1244774483,5,Music,1,07-04-2020,Repetitive Music/Audio,1
dqL9zNn2VDM,WildBrain Bananas,Mr Bean Animated,1,676,Brown,45751272,3,Entertainment,1,24-07-2019,Familiar Characters,1
yXWw0_UfSFg,MrBeast,Anything You Can Fit In The Circle Iâ€™ll Pay For,1,1182,Black,321364686,3,Entertainment ,0,08-03-2020,Familiar Characters,1
8afO6jkod_4,Simon Sinek,The Power of Kindness Simon Sinek,0,148,Black,346628,6,Informative,0,29-05-2020,On-screen Positive Feedback,0
ofObMMZ-4xY,NuNu Tv,The Bear Went Over The Mountain,1,161,Blue,12742281,6,Nursery Rhymes,1,04-03-2025,Repetitive Music/Audio,1
Rlrcux_Hji8,WildBrain Happy,Nurse  Mr Bean ,1,646,Brown,20091736,3,Entertainment ,1,24-01-2022,Familiar Characters,1
dkz6qr8I108,TheEllenShow,Justin Bieber's Second Interview on The Ellen Show,1,396,Pink,347668,8,Entertainment ,0,04-05-2023,Familiar Characters,0
fKopy74weus,ImagineDragons,Imagine Dragons - Thunder,1,204,Black And White,2294460820,3,Music,0,05-03-2017,Catchy/Melodic Music,1
jJLkaGDt4U8,Motivation Ark,Arnold Schwarzenegger's Life Advice Will Change Your Future (MUST WATCH),1,265,No Dominant Color,10869,10,Motivation,0,02-09-2020,On-screen Positive Feedback,0
EA_fbT6oN2k,CVS 3D Rhymes & Kids Songs,Johny Johny Yes Papa Nursery Rhyme ,1,187,Bright Colors,2689579915,6,Music,1,26-01-2017,Repetitive Music/Audio,1
El2aRecaqTg,Peacock,The Capture,1,41,No Dominant Color,6816,2,Entertainment ,0,05-05-2020,No Dominant Factor,0
XCZJzHbjHcE,inkypinkytv,Waldo The Worrywart Walrus,1,136,White,210,4,Short Story,1,30-07-2025,Engaging Narrative,0
k85mRPqvMbE,Crazy Frog,Axel F,1,171,Blue,5309856964,2,Music,0,17-06-2009,Repetitive Music/Audio,1
LOSj3eok22E,Marvel HQ,Spidey Meets Iron Man!,1,162,Red,12522305,4,Entertainment ,1,08-02-2018,Familiar Characters,1
_2PRHT2IzFg,The Dodo,Tiny Piglet's Whole World Changes When She Meets This Baby Cow,1,724,Brown,21673789,11,Documentary,0,14-06-2020,Animals,0
E8YQPBHLUrY,Find Y,All Of Linear Algebra Explained In 10 Minutes,0,615,White,64619,8,Education,0,30-05-2025,No Dominant Factor,0
AdhGlXVvPMI,Vlad and Niki,Escalator Mall Adventure - Kids Learn Mall Safety Rules,1,1048,Red,190006049,8,Informative,1,05-04-2025,Playful Problem Solving,1
N4be_eLqmE,Cocomelon Nursery Rhymes,Learning Spanish ABC's Song | CoComelon Nursery Rhymes & Kids Songs,1,180,Multi Colors,35503648,10,Music,1,05-03-2022,Repetitive Music/Audio,1
s9ALylTC9YQ,Hafu Go,Level 1 to 100 Science Experiments,1,48,White,25440349,6,Education,0,21-10-2023,Element of Surprise,1
fZLLqapzxRQ,Tracy Nguyen,Little Big Shots Meet Micro Mayor James Episode Highlight( Engsub),0,292,No Dominant Color,21779748,10,Entertainment ,0,26-07-2016,On-screen Positive Feedback,0
aGq_ViGODvw,The Ranger Zak Show,Dirt Don't Hurt Music Video | Music for Kids,1,70,Brown,3035,8,Music,1,24-02-2021,Catchy/Melodic Music,0
4kXrUXDZKuM,Insider Science,Here's What Happens If You Stopped Brushing Your Teeth,0,189,Red,4534859,9,Informative,0,04-09-2018,No Dominant Factor,0
nagl8tq5yNs,Tales by Monisha,The Unbelievable Story of a Vegetable Seller,0,891,No Dominant Color,85360,7,Inspiration,0,07-08-2024,Distinctive Sound Effects,0
VmFqOMd4C90,MovieCon Animation,Walt Disney: CHIP N DALE - Out Of Scale,1,458,Blue,14840896,9,Entertainment,1,20-03-2017,Familiar Characters,1
_y_eb75HMNc,Hello Smart Kids,Charlie Learns to Say 'I Forgive You',0,208,Peach,208,7,Entertainment,1,28-07-2025,Unique Animation Style,0
YfbcH_OO-Ck,Like Nastya,Nastya and her Friends Princesses,1,289,Blue,1889250,5,Entertainment ,1,05-01-2021,Familiar Characters,1
dE9flJo892o,Daisy Video AI,Adorable! Tiger-Hat Kittenâ€™s First Karate Try ,1,168,Orange,246469,7,Entertainment,0,26-07-2025,Animals,0
ymigWt5TOV8,Zumba with Dovydas,Zumba Kids (easy dance) - I like to move it,1,120,Pink,213160727,7,Entertainment,1,26-08-2018,Repetitive Music/Audio,1
svoMslacF4U,Kids Diana Show,Diana's Ultimate Puppy Birthday Party Filled with Surprises,1,526,Pink,1752546,8,Entertainment ,1,08-05-2025,Element of Surprise,1
hxOApe1P9dM,Cocomelon - Nursery Rhymes,Humpty Dumpty Grocery Store,1,169,Brown,962972970,4,Music,1,22-08-2023,Familiar Characters,1
0wcH9-u7BaY,Aghapy,ADONAI: John's Heavenly Vision of God's Throne,1,231,Blue,279296,7,Music,0,03-07-2025,Religious,0
88vmzn_LufA,neo,How the US President Travels,0,640,Black,11771974,5,Education,0,06-12-2023,Element of Surprise,1
bn0Kh9c4Zv4,MrBeast,7 Days Exploring An Underground City,1,1234,Brown,149695216,6,Entertainment ,0,12-10-2024,Element of Surprise,1
UzZbMj5qYNg,Mini Moments,Dr Seuss' The Grinch  'You're a Mean One'  Extended Preview  Mini Moments,1,587,Multi Colors,281982035,11,Entertainment ,1,08-12-2022,Visual Effects,1
_xVPI5IiWwM,Barbie,Barbie Slumber Party!,1,475,Violet,511591,3,Entertainment,1,17-02-2023,Visual Effects,0
aqMZfQODJZo,JerryRigEverything,How to Install an Elevator in your Living Room!,1,799,White,33388911,9,Informative,0,22-07-2019,Element of Surprise,1
C-VwJvMyTTE,PidiliteIndia,Fevicol Bob Cristo,1,19,No Dominant Color,55136,3,Advertisement,0,16-02-2011,No Dominant Factor,0
wdPvQXw3Qbo,My Car World,"Unboxing 3D excavator,RC city police car,RC drift racing car,spider crawling car,cash transport car.",0,1382,No Dominant Color,610312,16,Entertainment ,1,14-05-2025,No Dominant Factor,0
K4D89vyb4As,Ninja Kidz TV,Swimming in the Ocean with Whale Sharks and Manta Rays!,1,621,Multi Colors,36967394,10,Entertainment,1,12-02-2019,Exploration and Discovery,1
XfW5KNhyupE,Visionary,Elon Musk New BRUTALLY Honest Interview LEAVES Audience Speechless (2025),0,2031,Black,706443,9,Informative,0,28-06-2025,No Dominant Factor,0
ABTdTTnnEU8,MrBeast Gaming,Worldâ€™s Largest Explosion!,1,511,No Dominant Color,241138708,3,Entertainment ,0,08-04-2021,Familiar Characters,1
FzT5KY-1kbI,Fundoor,Learning games and Activities for kids | Logical Maths games | Educational games for preprimary,0,359,No Dominant Color,1065,13,Education,1,06-11-2024,Distinctive Sound Effects,0
n4IhCSMkADc,DOCUMENTRY TUBE,EARTH FROM SPACE: Like You've Never Seen Before,0,765,Blue,15353904,8,Informative,0,27-06-2015,No Dominant Factor,0
p9aEOlzhY6I,Little Big Shots,Unbelievable 4-Year-Old Piano Prodigy Plays Like a Master! ,1,449,Blue,1441568,9,Entertainment ,0,09-06-2025,No Dominant Factor,1
88qpwDEgkgI,Fantasy World ,Beautiful Ocean,1,144,Blue,15731,2,Entertainment,0,05-07-2025,Unique Animation Style,0
Sr_eK-u3OF0,Guinness World Records,Fastest Towed Bicycle,1,149,No Dominant Color,18314392,3,Entertainment,0,16-07-2022,Element of Surprise,1
1O06XvDRYqk,Derphoi,MrBeast's Least Viewed Video,1,57,Multi Colors,76009,5,Shots,0,07-02-2024,Familiar Characters,0
ap9GQCBS7mM,Nas Daily,Most Depressing Country.,1,253,No Dominant Color,31601530,3,Informative,0,30-09-2019,Element of Surprise,1
9EPcRrcH_JQ,No More Later.,7 Simple Brain Exercises to Boost Your Brain Power and Focus,1,361,White,17428,11,Informative,0,24-06-2025,No Dominant Factor,0
Zu6o23Pu0Do,ChuChu TV,"Rain, Rain, Go Away Nursery Rhymes",1,164,Multi Colors,2292465739,6,Music,1,20-11-2013,Visual Effects,1
NjfZQJbSPSY,Family Central,Stuart Little: Stuart Gets Stuck In The Washing Machine ,1,509,No Dominant Color,2298745,9,Entertainment ,0,07-04-2023,Element of Surprise,1
Ad3HP6iRyUE,Mrwhoawtheboss,My Perfect Value Everyday Tech!,0,1084,Black,3275538,5,Informative,0,28-05-2025,No Dominant Factor,0
qaeTJx3fFMA,Vania Mania Kids,Kids play with balloons ,1,1566,Green,224857,4,Entertainment,1,25-07-2025,Familiar Characters,0
aJYYNMulVRw,History,TOP 4 SHOCKING MYSTERIES OF 2024 ,1,1344,Blue,3053975,6,Informative,0,16-12-2024,Mysteries,1
B9AIbuUpyOA,Learning for Little,PARTS of the BODY | HUMAN BODY PARTS NAME | English Vocabulary for Kids,0,331,White,1120,12,Education,1,11-01-2024,Unique Animation Style,0
uYkZmpTj_-4,Elis and Thomas Tube,Little Girl Elis Ride On Pink Jeep with Cozy Coupe Little Tikes ,1,248,Pink,346952587,11,Entertainment,1,08-09-2018,Visual Effects,1
t5MwlpayiS4,Factora,How Crayons are Made,1,465,Multi Colors,2691414,4,Informative,0,09-03-2024,Distinctive Sound Effects,0
DCLylv_HyXo,Disney Jr. ,Lightning Helps The King Scene,1,168,Multi Colors,95794796,5,Entertainment,1,25-01-2020,Familiar Characters,1
DMcA7yAE1tQ,Suno Kids TV,If You are Happy and You Know It - Animal Version,0,162,No Dominant Color,19750,10,Music,1,01-01-2025,Repetitive Music/Audio,0
07PBcmGozDA,Stand-up Maths,James Grime's Maths Puzzle: The self descriptive number,0,104,White,89915,8,Education,0,06-01-2016,No Dominant Factor,0
c-keaqyidxU,Kids Roma Show,Roma and Diana entertain little brother Oliver,1,1020,Pink,185812471,7,Entertainment ,1,17-06-2022,Distinctive Sound Effects,1
gyVwpFLFqgY,HiHo Kids,Kids Try Exotic Fruits,1,351,Multi Colors,67021128,4,Entertainment,1,17-07-2017,Element of Surprise,1
ZUI2Z0h5Gzk,Emily Calandrelli,Emily's Science Lab - Fluffy Unicorn Slime Experiment (ASL),1,264,No Dominant Color,638,8,Education,1,08-01-2025,Element of Surprise,0
N5vJSNXPEwA,TED-Ed,Can you solve the prisoner hat riddle? - Alex Gendler,1,274,White,32201857,9,Education,0,05-10-2015,Element of Surprise,1
55gweFYIk1I,Nicholas Protsenko,"10,000 Reasons â€“ Incredible Street Performance by 4 & 7-Year-Old Brothers!",1,229,No Dominant Color,392369,11,Music,0,28-06-2025,No Dominant Factor,0
3q5fuVFWe0Q,Van Gogh Museum,Vincent van Gogh: My Story,1,291,White,246592,5,Informative,0,22-12-2020,No Dominant Factor,1
rfmXkhBieXA,Vogue,Kendall Jenner Shares Her Morning Beauty Routine,1,127,Pale,29303415,7,Entertainment ,0,22-08-2017,Familiar Characters,1
KCSNFZKbhZE,Marvel Entertainment,Marvel Studiosâ€™ Avengers: Endgame | Special Look,1,60,No Dominant Color,31545853,6,Entertainment,0,03-02-2019,Familiar Characters,1
TeQ_TTyLGMs,DisneyMusicVEVO,Do You Want to Build a Snowman? ,1,201,White,466159480,7,Music,1,22-05-2020,Familiar Characters,1
N6fxAEpUWBM,Kids Diana Show,Diana wants to be a good sister for baby Oliver,1,398,Multi Colors,814171944,10,Entertainment ,1,31-07-2021,Visual Effects,1
Mxgwfx9bvXA,Emma And Joey,Baby's First Haircut Song,1,167,Blue,37321105,4,Nursery Rhymes,1,08-05-2022,Repetitive Music/Audio,1
wzj1CwcAUEs,ArtTime Ideas,"How to draw Cute Cats, Avocados, Hearts, and More! Part 1",0,186,White,23101,10,Informative,1,02-08-2025,No Dominant Factor,0
nAy90uTEPhg,Little Big Shots,"
Akash vs. Steve Harvey: The Ultimate Spelling Showdown! ",1,463,Black,189536,8,Informative,0,28-05-2025,On-screen Positive Feedback,0
V8yDMAsImAs,SIM2,I Used The WORST Icon Team,1,311,No Dominant Color,35476,6,Entertainment ,0,08-05-2022,Distinctive Sound Effects,0
4oK1l7MxUx0,Allure,Nicole Scherzinger's Opulent Bathroom Tour,1,610,White,995460,5,Vlog,0,07-10-2019,Familiar Characters,0
8R02NE050Jk,Netflix,Jiro Dreams of Sushi now on Netflix!,1,148,White,511606,7,Informative,0,28-08-2012,No Dominant Factor,0
XQ767LlrDc0,BBC World Service,"Do we get enough sleep? - The Global Story podcast, BBC World Service",0,1142,No Dominant Color,507739,12,Informative,0,15-05-2025,No Dominant Factor,0
1O8lEIbzVGQ,WB Kids,Tom & Jerry Who is the Best Pet? ,1,948,Multi Colors,81610521,7,Entertainment,1,30-03-2019,Distinctive Sound Effects,1
y3qlAbJgTcE,"Question More,Action Knowledge.",Scale of Things - Teaching Kids How Size Changes Everything!,1,192,Multi Colors,4,9,Education,0,16-07-2025,No Dominant Factor,0
Ki5NmNPN-aw,KidsShorts,Funny Baby is diving in the pool,0,5,Blue,42837617,7,Entertainment,1,23-09-2022,Character Novelty,1
x4pg4pgulfs,Story Light,Be Happy,1,204,Yellow,121374,2,Short Story,0,10-06-2025,Visual Effects,0
PpkCwbwgwPs,Apple TV,Stillwater â€” Shorts: Yoga Poses for Kids,1,242,Red,627049,5,Informative,1,19-03-2022,No Dominant Factor,0
E7bpYaxgC5o,English Speeches,ENGLISH SPEECH  TIM COOK: Serve Humanity,0,980,Black,155601,6,Informative,0,17-12-2022,No Dominant Factor,0
7KRfBGEFaY8,Oliver and Lucas,Prepare your child for first PLANE Ride ,1,463,No Dominant Color,4860435,7,Informative,1,02-12-2021,Creative Elements,1
Kgmb9pw8K3s,Mother Goose Club,Driving in My Car - Mother Goose Club Phonics Songs,1,151,Yellow,521407002,9,Music,1,19-04-2013,Repetitive Music/Audio,1
8OqTpIepNec,Little Angel Jobs and Career Songs,Do You Know the Police Man? ,1,274,Yellow,744436,5,Music,1,27-05-2023,Repetitive Music/Audio,1
3TqClefAEvg,Samsung,[Case Study] Peninsula Hotel,1,188,Black,5463,4,Informative,0,03-09-2013,No Dominant Factor,0
_oLaTYlukE4,T-Series Kids Hut,"Short Stories for Children | 13 Stories | Gingerbread Man Story, Lion and Mouse Story",1,3215,Multi Colors,623229,13,Short Story,1,25-02-2015,Engaging Narrative,1
Y9gbdN0JS6Q,Fernando Furones,The Last Shot (Short Animation Film) - Music by Fernando Furones,0,159,Brown,514977,7,Entertainment ,0,16-08-2017,No Dominant Factor,0
6MG9CIARj1A,Ronald Karle Music Composer and Arranger,Meditation 14 The Lost World,0,433,Black,28,4,Music,0,01-08-2025,On-screen Positive Feedback,0
skCRd_VfOuc,Rock 'N Learn,Preschoolers Learn to Say Colors on a Picnic,0,142,Green,160925,8,Music,1,12-01-2018,Catchy/Melodic Music,0
cbm5D4I5zBQ,Like Nastya,Nastya and Evelyn go on an exciting fun cruise,1,715,Pink,19072142,9,Entertainment ,1,02-05-2025,Familiar Characters,1
BbCefdlDDTU,Hello Kitty and Friends ,Hello Kitty and Friends Supercute Adventures,1,222,Green,33813700,6,Entertainment ,1,14-01-2021,Familiar Characters,1
4ZI7hG20C1g,Tiny Tune Tales,Welcome to the Jungle Show!,0,151,No Dominant Color,967,5,Music,1,01-07-2025,Repetitive Music/Audio,0
0tOnksFbm7g,Modern Life Studio,Future City 2250,1,186,Blue,10514,3,Informative,0,21-07-2025,Sci-fi,0
T2iRrh7TQoo,JerryRigEverything,Polar Bear swimming with little boy video,0,123,Green,146158,7,Entertainment ,0,23-07-2012,No Dominant Factor,0
6gZB3QXEoFg,6gZB3QXEoFg,Beautiful Waterfall with Relaxing Nature Sounds ,0,3600,Green,3434,6,Music,0,19-06-2025,Distinctive Sound Effects,0
vetKTtM7YyU,Flashback FM,Bank Heist The Dark Knight,1,295,Black,148890664,4,Entertainment,0,21-07-2016,Familiar Characters,1
w_UNVtvgRhg,For Kids TV,Kitty's Games - COLORED TRACTORS,1,417,Yellow,149078426,4,Entertainment,1,27-08-2022,Game-like Progression,1
aQolW0dKmdE,Wrath of Math,How to Simplify Negative Exponents,0,277,White,135,5,Education,0,29-10-2016,No Dominant Factor,0
F137IANXaF4,Film Courage,Artists Don't Have To Believe In Themselves To Have Success - Brad Rushing,0,991,Black,2007800,12,Informative,0,28-01-2021,No Dominant Factor,0
1ND8yBYwXSI,Justin Bieber,ALL I CAN TAKE,0,247,Black,350831,4,Music,0,11-07-2025,No Dominant Factor,0
AjiVwZ9nOxI,NAGA,"The World in 1000 Years: How We Will Live, Think, and Evolve",1,1093,Blue,416470,11,Informative,0,30-06-2025,No Dominant Factor,0
Yhs6eS6lEeY,Almama - Nursery Rhymes,Baa Baa White & Black Sheep  ,1,744,Yellow,6482433,5,Music,1,23-06-2025,Repetitive Music/Audio,1
ccHg8z89UyQ,John Kids Channel,John and the Letter to the Future,1,184,Peach,30,7,Entertainment,1,08-02-2025,Unique Animation Style,0
1PsrQndAJI4,ToysXL - TV Commercials,Club Petz - Mystery Mao!,1,30,Grey,1867,4,Advertisement,1,02-09-2019,Engaging Narrative,0
lENckZLSQGM,Tayo the Little Bus,Cute yellow taxi Nuri,1,1339,Yellow,24594675,4,Entertainment,1,16-02-2022,Game-like Progression,1
nz8qR1zv0qI,Kidzuko,The Story of the Hatchlings and the Lost Baby Eggs,1,401,Blue,37287920,10,Entertainment ,1,19-11-2024,Distinctive Sound Effects,1
U15sCqscZAk,Netflix India,Mighty Little Bheem,0,195,Brown,889423465,3,Entertainment ,1,24-04-2019,Familiar Characters,1
yWNogMItAus,WB Kids,"Be Cool, Scooby-Doo!",0,113,Orange,34191,4,Entertainment ,1,16-08-2016,Familiar Characters,0
KxSGM6_xIxQ,Disney Kids,Feed the Birds,1,226,Blue,268523561,3,Entertainment,1,13-01-2018,Distinctive Sound Effects,1
ED6ZxkOOLi0,5 - Minutes Crafts,22 AWESOME HACKS AND DIYs YOU SHOULD TRY,1,788,Multi Colors,13435540,8,Informative,1,20-07-2020,Element of Surprise,1
YvpykARMt7g,Johny FamilyShow,Five Little Children Standing on the Chair,1,134,Yellow,63731206,7,Nursery Rhymes,1,13-01-2025,Repetitive Music/Audio,1
rdhBShuA0Z8,Joel and Emilia,How to Travel Greece - Greece travel guide,1,369,No Dominant Color,2851,7,Tourism,0,30-05-2021,No Dominant Factor,0
oSCOqipV5v4,TAINA,What Our VEGAN/PLANT-BASED Children Eat ,1,682,White,2316980,6,Food Vlog,1,14-01-2019,Visual Effects,1
Wlf1T5nrO50,GULU Animation,The Bread - Animated Short Film by GULU,1,220,Yellow,38479165,7,Entertainment ,1,04-07-2021,On-screen Positive Feedback,1
dFq2ZZvjFN8,Kidibli (Kinder Spielzeug Kanal),A Garbage Truck Recycles Waste for Kids,1,1305,Multi Colors,472137653,7,Entertainment,1,03-01-2020,Game-like Progression,1
xfZNCHQ7dMw,Clever Spaces Girl,"Dream Palaces Among the Stars: A 4K Escape Into Light, Crystal, and Cosmic Beauty",1,221,Glitters,52754,14,Entertainment,0,11-07-2025,Visual Effects,0
3vgJBs4yFZQ,TomSka,The Making of KILL BING,0,411,Green,173591,5,Entertainment ,0,07-05-2007,No Dominant Factor,0
IqzMUn90tMg,Josh2Funny Ent.,The fastest Reader in the world,1,363,Black,9716770,6,Informative,0,02-09-2022,Creative Elements,1
mXoVLfJVTag,Kids Diana Show,Diana and Roma - TOY CITY - Kids Song ,1,181,Purple,40713740,7,Entertainment ,1,31-10-2021,Distinctive Sound Effects,1
bFsFPNgD9hg,Zen Bunny Garden,"The Filial and Obedient Bunny, An Unexpected Event That Makes The Bunny Collapse",1,484,White,105029,13,Entertainment,0,13-06-2025,Unique Animation Style,0
SfhI_OcRAJE,Mother Goose Club,If You're Happy and You Know It + More | Mother Goose Club Nursery Rhymes,1,3306,Multi Colors,1210636,14,Music,1,27-05-2023,Catchy/Melodic Music,1
rx3G7lZNcFI,Disney Jr.,Where Is Warehouse Mouse?,0,150,Brown,956329,4,Entertainment ,1,07-01-2011,Distinctive Sound Effects,0
A4mrIQrAqvg,Brave Wilderness,Real Isopod Hours with Coyote Peterson,1,1286,Multi Colors,44666825,6,Informative,1,15-01-2022,Exploration and Discovery,1
p9I_lixkY0A,WB Kids,Scooby-Doo!,1,25,Yellow,33485,2,Entertainment ,1,05-05-2015,Familiar Characters,0
9QfMnNPg6X0,Global Health Media Project,The Story of Cholera: Andeyo version,1,268,White,14119,6,Informative,0,20-03-2012,No Dominant Factor,0
QkCa--fyGjA,Stoic Shift,You vs You,1,645,Black,5016688,3,Motivation,0,10-08-2024,On-screen Positive Feedback,1
Z50jLoHsP94,Victoria Chorale,Stopping By Woods on a Snowy Evening (Eric Whitacre) Victoria Chorale and Nelson Kwei,0,312,Black,36,12,Music,0,08-02-2025,Distinctive Sound Effects,0
HJkAI-Dhq50,Cocomelon - Nursery Rhymes,Yes Yes Bedtime SongÂ ,1,243,White,1810275240,4,Music,1,18-09-2018,Familiar Characters,1
WHqJhrzADm0,Apple TV,Stillwater â€” A Mindful Moment of Listening,1,189, Green,245350,6,Entertainment,0,16-01-2021,No Dominant Factor,0
54IteWmegk0,Cleo Abram,Why I left Vox,1,376,No Dominant Color,832938,4,Informative,0,10-01-2022,No Dominant Factor,0
r4xZnUsg7rI,60 Minutes Australia,Donald Trump vs Elon Musk: What does their fallout mean for the world? ,1,2750,Black,1356829,12,Informative,0,02-07-2025,No Dominant Factor,1
fLexgOxsZu0,Bruno Mars,Bruno Mars - The Lazy Song (Official Music Video),0,199,Brown,3056148380,8,Music,0,16-03-2011,Catchy/Melodic Music,1
So5REm9ZGKs,Muhammad Kashif,AMERICAN HIGH SCHOOL First Day,0,706,White ,1178190,5,Entertainment ,0,21-09-2024,No Dominant Factor,0
8e0z3-iZ_TY,America's Got Talent,The Savitsky Cats: Super Trained Cats Perform Exciting Routine - America's Got Talent 2018,1,190,No Dominant Color,58148511,13,Entertainment,0,30-05-2018,Game-like Progression,1
cc_izeslUWo,Animal HT,Bon Bon goes to pick fruit and swim with the duckling,1,224,Green,55655856,11,Entertainment,1,25-11-2020,Familiar Characters,1
uBLJ0wfr6Y,YMCA Bahrain,BECAUSE HE LIVESâ€¦..AMENâ€¦,0,199,Black,781,4,Music,0,26-07-2025,No Dominant Factor,0
9dzIcqFSp34,Atomy Oceania Official ,[Product AD] Atomy Kids Toothbrush,1,109,White,244,5,Advertisement,1,06-07-2022,No Dominant Factor,0
abs71ME0jIk,KATURI,The Baby Turtle in the Forest ,1,386,Green,64410140,6,Entertainment,1,22-04-2022,Visual Effects,1
BV2q_wZa_Pk,Steve TV Show,Do the â€˜Young Sheldonâ€™ Stars Know The 80â€™s?,1,262,No Dominant Color,2801360,8,Entertainment ,0,04-08-2018,Creative Elements,1
oRnqK4CntGQ,Science and fun,Water bottle flips like a pro,0,82,No Dominant Color,76653,6,Entertainment ,0,01-11-2016,No Dominant Factor,0
5QINV3I8r1I,Boey Bear - Toddler Learning Videos,"Toddler Preschool Learning Videos, Circle Time Tuesday | Montessori Fine Motor Skills three year old",0,654,Yellow,333565,14,Education,1,08-11-2020,Visual Effects,0
f5NJQiY9AuY,The EllenShow,Bill Gates Chats with Ellen for the First Time,1,394,Blue,26512406,9,Entertainment ,0,21-02-2018,Familiar Characters,1
qnAD-wE6gDE,Echoes Of the Nile,Ancient Egypt Music â€“ Mystical Sounds of the Nile & Pharaohs,1,367,Yellow,117687,9,Music,0,20-06-2025,Distinctive Sound Effects,0
7m4zQpf3Ouo,STILL I RISE Motivation,Ratan Tata Leaves The Audience SPEECHLESS ,1,369,No Dominant Color,3406234,6,Informative,0,05-01-2022,On-screen Positive Feedback,1
dmyRV32_jIk,Nerd Robot,Evolution of Batman Costume in Comics,0,75,Yellow,74966,6,Informative,0,04-09-2019,Visual Effects,0
lrApuDiIl5c,Youth Chorus of Annapolis(YCA),Vuela,0,139,Black,21,1,Music,0,31-07-2025,Distinctive Sound Effects,0
4FQU4TPT9qg,CJ7,Sony Pictures India - English,0,422,Yellow,327801,1,Entertainment ,0,23-12-2023,Exploration and Discovery,1
khvGCsv54JE,The Way UK,HAVEN,1,395,Yellow,321573,1,Entertainment,0,19-12-2024,Religious,0
TrizwEkTIRc,Buddy Son Storytime,The Girl Who Makes A Million Mistakes â€“ A story about growth mindset and not giving up!,1,429,Blue,194149,16,Entertainment,1,05-02-2025,No Dominant Factor,0
BQ0mxQXmLsk,Camila Cabello,Camila Cabello - Havana ft. Young Thug,1,402,No Dominant Color,1121411114,6,Music,0,24-10-2017,Catchy/Melodic Music,1
xfT2xxG6UPQ,CKN,Making Icy Pop Fruity Hoops Factory Fun DIY Yummy Kids Popsicle Maker CKN,1,584,Grey,192374947,13,Entertainment,1,14-01-2017,Creative Elements,1
Goqww0TgajY,Netflix Jr,Playground Time! Mighty Little Bheem ,1,272,Orange,939142773,5,Entertainment,1,11-09-2020,Familiar Characters,1
hcw3xxeOSwU,Fisher-PriceÂ® India,Behind the Scenes with Toy Design & Testing,1,45,Multi Colors,2260,8,Informative,1,26-01-2015,No Dominant Factor,0
7lAlEbjZ1sM,Steleo - Educational Videos for Kids,Prepare your Child for their First Flight  Kidsâ€™ First Plane Ride First Airplane Ride for Kids,1,586,Multi Colors,365052,16,Education,1,21-05-2024,No Dominant Factor,0
UGKbUcDK98A,Kieran Brown,Old Man Crazy Football Skills Prank,1,287,No Dominant Color,17038832,6,Entertainment ,0,02-11-2019,Distinctive Sound Effects,1
uBIjpx2Re3M,Jason Vlogs Indonesia,Jason and the fun cop adventure Children's stories about the adventures of professions,1,725,Blue,106900638,13,Informative,1,09-12-2021,Exploration and Discovery,1
lz8sUiXAnbs,Mark Manson,The Subtle Art of Not Giving a F*ck - Summarized by the Author,0,2264,Black,5996109,12,Informative,0,05-05-2021,No Dominant Factor,0
3zM4FfxeqTc,Scene City,umanji Welcome to the Jungle: Strengths and Weaknesses,1,207,Green,4239126,8,Entertainment,0,12-04-2022,Familiar Characters,1
1I_0fyqqwEs,Bubble Bee Kids,"Hammer Hammer, Tap That Beat!",1,70,Blue,141,5,Music,1,31-07-2025,Repetitive Music/Audio,0
am-up4xaG1g,Vooks,Little Craig! | Animated Read Aloud Kids Books | Vooks Narrated Storybooks,1,1235,Brown,85019,10,Short Story,1,23-03-2023,Engaging Narrative,0
efaobNg9VkQ,Wisdom Tales,Donâ€™t Carry Yesterday,1,330,Orange,80,3,Motivation,0,17-07-2025,On-screen Positive Feedback,0
ZqubVIWNxK0,Kids Diana Show,Diana Roma and Oliver Open the 10 Doors Adventure,1,570,Yellow,336065691,8,Entertainment ,1,05-02-2023,Exploration and Discovery,1
Wg5ChyHn8o4,Official Pink Panther ,Cleanliness is Next to Pinkliness,1,440,Pink,264323877,5,Entertainment,1,03-01-2017,Distinctive Sound Effects,1
4wyCCcqu-sA,Bedtime Stories for kids - Moonbug Kids,Twinkle's Magic Sleepy Song,1,1139,Blue,47672846,4,Music,1,15-07-2023,Distinctive Sound Effects,1
CSsAhuZ7lGw,Oddbods & Friends,Antiks  Feeling Sick!,1,3592,Orange,46863532,3,Entertainment ,1,30-12-2023,Visual Effects,1
rdfC6XwXTW0,Dude Perfect,Giant Warship Battle,1,401,Blue,112750934,3,Entertainment,0,18-10-2016,Familiar Characters,1
2d9mIQhidtc,CBS Mornings,Former Navy SEAL David Goggins on how to reach your full potential,1,361,Black,671850,12,Informative,0,31-12-2018,No Dominant Factor,0
sbCvQbBi2G8,TED-Ed,Whatâ€™s the smartest age? - Shannon Odell,1,292,Sandal ,2180290,6,Informative,0,18-08-2022,No Dominant Factor,0
0aT-LRoxP5k,AGT,Adorable Kid Magician WOWS The Judges,1,53,Blue,245022354,6,Entertainment,0,14-10-2021,Element of Surprise,1
gvm6DN2ZfD0,Sesame Workshop International ,Ð¢Ñ€Ð¸ ÑÑ‚Ð¾Ñ€Ð¾Ð½Ð¸ ÐºÐ¾Ð¶Ð½Ð¾Ñ— Ñ–ÑÑ‚Ð¾Ñ€Ñ–Ñ—!,1,306,Multi Colors,9862,4,Entertainment,1,05-10-2023,Engaging Narrative,0
9Tmd9XkyOKE,TechJoint,125 LATEST Amazon Gadgets You Must See,1,2720,No Dominant Color,727168,7,Informative,0,07-07-2024,No Dominant Factor,0
68KTlt8eZ1M,Disney Jr.,Sofia the First Meets Disney Princess Cinderella! ,0,209,Violet,12622127,9,Entertainment ,1,04-03-2020,Familiar Characters,1
nwKC14Lcyg4,GODZEAL,If you're still alive.. this is for you,1,537, Pastel Colors,152411,8,Motivation,0,18-06-2025,On-screen Positive Feedback,1
bnWpYPYsLiM,Twinkle stories - Makin,FRUITS NAME for Toddlers | Learning videos for kids | First words for babies | English vocabulary,1,174,Multi Colors,5549,14,Education,1,22-10-2024,Distinctive Sound Effects,1
kzGeWunBfBk,Open Letter,How UPI is Making India Proud,0,555,White,31034,6,Informative,0,25-12-2018,No Dominant Factor,0
ER5qQubv8u0,Beadies â€“ Educational Cartoons & Early Lerning,Beadies - Let's get acquainted with all the Beadies! - Nursery Rhymes & Kids Songs,1,475,Multi Colors,43823,13,Music,1,21-06-2023,Catchy/Melodic Music,0
EvOyEdL8eOc,MKS TUTORIALS by Manoj Sir,25. Hyperbolic Functions | Relations between Circular Functions and Hyperbolic Functions,0,486,White,391,9,Education,0,19-03-2025,Distinctive Sound Effects,0
vuwpoTuJRB4,Satvic Movement,Fever is NOT an Enemy but a FriendÂ ,0,375,White,327327,8,Education,0,25-06-2018,No Dominant Factor,0
CrvFBb89dvs,Buddha Motivation,"
One Thought That Ends Anxiety",0,262,No Dominant Color,25099,5,Motivation,0,22-04-2025,No Dominant Factor,0
Zr377o7Wvjs,Yes! Kids,Daily Use Question Answer | Fun Learning Question and Answer | English Practice #educationalvideo,0,491,White,14313,12,Education,1,23-05-2024,Distinctive Sound Effects,0
bi2NgISjcgI,TheEllenShow,Ellen's Favorite Moments with Noah Ritter,1,277,White,26002229,6,Entertainment ,0,08-06-2015,Familiar Characters,1
vdlQx8e5bQc,Park Players,Time | ChitChats | Park Players,1,87,Green,805,4,Entertainment,1,05-07-2024,Engaging Narrative,0
ikj5VJIzMBM,Sesame Workshop International ,China: Dream Save Do Launch Event,1,171,No Dominant Color,20501,6,Informative,1,07-08-2017,Eye Catching Miniatures,0
VW17kS5URlM,"Daniel Tiger - ""When Ants Have a Picnic"" SONG",Daniel Tiger's Neighbourhood - 9 Story,0,70,Brown,92765,8,Music,1,31-01-2015,Catchy/Melodic Music,0
k9YiFYPLh1Y,Cocomelon - Nursery Rhymes,The Colors Song (with Popsicles) ,1,288,Yellow,712769378,10,Education,1,13-12-2022,Repetitive Music/Audio,1
yuq8Iggweck,The Tonight Show Starring Jimmy Fallon,"Ed Sheeran and Jimmy Build ""Shape of You"" Using a Looping Station",1,226,Peach,965456,13,Entertainment ,0,27-05-2025,Familiar Characters,1
Ix_sAkF-b_U,Calcutta Aviation,Extremely Close Plane Spotting from Kolkata Airport ,0,600,No Dominant Color,21475,7,Entertainment ,0,13-11-2022,No Dominant Factor,0
JSVFblJuZTU,Bermain Bersama,VINERIA berubah? jadi apa ya!!Â #sprunkiÂ #sprunkisongÂ #sprunkiindonesiaÂ #vineria,0,251,Multi Colors,250,9,Entertainment,1,14-03-2025,Visual Effects,0
Wm4R8d0d8kU,Cocomelon - Nursery Rhymes,Old MacDonald,1,169,Blue,2282803378,2,Music,1,18-04-2018,Repetitive Music/Audio,1
JkaxUblCGz0,Netflix,Our Planet,1,2897,White,42230362,2,Nature,0,17-04-2020,Visual Effects,1
g-jwWYX7Jlo,Mateusz M,Dream - Motivational Video,1,379,No Dominant Color,65620180,3,Motivation,0,02-07-2013,On-screen Positive Feedback,1
9HDeEbJyNK8,LittleBabyBum,Twinkle Twinkle Little Star ,0,30,Yellow,76850426,4,Music,1,30-08-2011,Repetitive Music/Audio,1
g_ou-T0Puh4,Peekaboo Kidz,Invention of Noodles,0,364,Green,1809909,3,Education,1,07-06-2024,Familiar Characters,0
W55-QiHCYGA,Big Bang Academy Kids,"""What's In Our Digestive System?"" Explained ",0,272,Red,16741700,6,Education,1,04-11-2021,Distinctive Sound Effects,0
KFsddFc-sI4,Future Tech,22 New Gadgets And Inventions ( 2025 ) That You Will Want to Buy,0,1099,No Dominant Color,321458,10,Informative,0,07-04-2025,No Dominant Factor,0
Di310WS8zLk,Netflix ,Wednesday Addams,1,132,Black,28786227,2,Entertainment ,0,17-08-2022,Familiar Characters,1
cr5Vjtg2Y2U,Robin Agarwal,"One Earth, One Chance",1,217,Green,17891,4,Music,0,02-06-2025,No Dominant Factor,0
R4AxrQciwmc,Cat Trumpet,Breathtaking Spring Flowers in 4K ~ Amazing Nature Scenery & The Best Relax Music 3 HOURS,1,10809,Multi Colors,34719,15,Nature,0,28-03-2023,Visual Effects,0
rrATJar_ocA,Johny FamilyShow,"Are you sleeping Brother John, Linda Pretend Play with Baby Dolls #13",1,394,Yellow,251317217,11,Entertainment ,1,30-04-2023,Distinctive Sound Effects,1
hWdLhB2okqA,Peppa Pig,Peppa Pig Full Episodes  Swimming with Peppa and George Family,1,313,Multi Colors,293134496,10,Entertainment ,1,24-05-2019,Visual Effects,1
OjitqZ5Fwfk,Cartoonito,King LoopÂ ,0,80,Brown,18328,2,Entertainment ,1,10-10-2016,Distinctive Sound Effects,0
auOIbW1uHJE, Disney Kids,Art Attack - 'Handy Manny' Big Art,1,220,Red,2281241,6,Informative,1,08-06-2012,Element of Surprise,1
T1Fnb4iVf-c,Genki Park,Brush Your Teeth Song,1,174,White,129280514,4,Nursery Rhymes,1,05-12-2021,Repetitive Music/Audio,1
kvlWTI672sk,World of WONDERS For Kids,Healthy and Unhealthy Foods for Kids,1,445,Multi Colors,101534,6,Informative,1,22-03-2025,No Dominant Factor,0
jfaFL3D2Lfg,Genevieve's Playhouse-Learning Videos for Kids,"Toy Learning Video for Toddlers Learn Shapes, Colors, Food Names, Counting with a Birthday Cake!",1,600,Multi Colors,286518168,15,Education,1,10-07-2018,Visual Effects,1
xn61hDuj2nk,BabyBus - Kids Songs and Cartoons,Baby Panda Saves Baby Egg,0,348,Green,15436678,5,Entertainment ,1,20-03-2019,Familiar Characters,1
sj7KGWSi4k0,English Avenue,Charlie Chaplin: The Homeless Boy Who Became a Legend ,1,1429,Black,284002,9,Motivation,0,03-03-2025,Engaging Narrative,0
Bjjg_bmpSSU,The Wordy Tales,Secret of Happiness ,1,322,Pastel Colors,243955,3,Motivation,0,16-12-2024,Engaging Narrative,0
iR-JFks6uI0,Explainer Animated Videos,(Piper) A JOY STORY - Oscar winning short film,1,243,White,2775708,8,Entertainment ,0,23-03-2018,On-screen Positive Feedback,1
XS0hnPs1Aac,Art for Kids Hub,Color Wheel,0,334,Red,36246,2,Informative,1,08-07-2012,Visual Effects,0
PA21Bok59rQ,Steve TV Show,Steve Harvey Finds the Hole in Jackie Chanâ€™s Head,0,183,No Dominant Color,10872907,9,Entertainment ,0,13-08-2017,Familiar Characters,0
dJpIU1rSOFY,Peekaboo Kidz,What Is An Earthquake?,1,222,Green,9636423,4,Informative,1,10-06-2015,Creative Elements,1
BNDuMlcBKEg,Kieran Brown,In Real Life Community Montage!,1,127,No Dominant Color,19203,5,Entertainment ,0,05-12-2012,No Dominant Factor,0
j1TKhGBIKFk,English Speeches,ENGLISH SPEECH | CRISTIANO RONALDO,1,667,No Dominant Color,319984,4,Informative,0,15-12-2024,Familiar Characters,0
1MYa_8ExJF0,Little Sports,Tell Your Kids To Do These 5 Daily Exercises,0,1372,No Dominant Color,43587,9,Informative,1,14-12-2020,Unique Animation Style,0
pXRviuL6vMY,Fueled By Ramen,twenty one pilots: Stressed Out [OFFICIAL VIDEO],1,225,Red,3099926393,7,Music,0,28-03-2015,Catchy/Melodic Music,1
cMGmvKvYES8,The Family Fudge,Costco HAUL || Winco AND The Grocery Outlet,0,913,No Dominant Color,58337,7,Entertainment,0,15-03-2016,Exploration and Discovery,0
Pau-WIleqMs,Moonbug Kids,Blippi Travels to India ,1,506,Blue,587383,4,Travel Vlog,1,10-11-2020,Familiar Characters,0
JjcAeeEGBiU,OLIVER SHOW,Diana and Roma 24 hours in baby Oliver's room | Baby Room Challenge,1,219,Multi Colors,44748,12,Entertainment,1,26-04-2023,Visual Effects,1
8QZmnW9CobA,TechJoint,100 Coolest Amazon Gadgets and Inventions,1,2716,No Dominant Color,2141016,6,Informative,0,21-05-2024,No Dominant Factor,0
wkpRLK9bjos,Not David,What Actually Is Complexity Science?,0,546,Black,13565,5,Informative,0,16-04-2022,No Dominant Factor,0
V_M3Jw3zoPY,Charlie Chaplin,Charlie Chaplin - The Kid - Pancake Scene,1,154,Black and White,57761447,6,Entertainment,0,16-08-2020,Distinctive Sound Effects,1
9_WBQISVHnw,Genevieve's Playhouse - Learning Videos for Kids,Best Learning Video for Toddlers Learn Colors with Crayon Surprises!,1,622,Bright Colors,2167951198,10,Informative,1,05-01-2019,Element of Surprise,1
do1lP632bY8,Peekaboo Kidz,What If We Drank COLA Everday?,1,304,Multi Colors,9300968,6,Informative,1,26-02-2021,Familiar Characters,0
YXwnKgSXFKE,Animal HT,Monkey Baby Bon Bon oes to the toilet and plays with Ducklings in the swimming pool,0,1861,Blue,1502056149,16,Entertainment ,1,08-02-2023,Familiar Characters,0
TI514T-oyOg,Mister Max,Max and Katy playing with Ride-on Toy Cars,1,637,Yellow,155142102,9,Entertainment ,1,22-02-2019,Element of Surprise,1
6Ekfvox2tKA,SciShow Kids,Whizpops! Manta Ray Music Video,0,156,Multi Colors,87793,5,Music,1,13-10-2015,Catchy/Melodic Music,0
Cpb8E6p0AzU,Fairy Tales and Stories for Kids,The Little Mermaid stories for kids cartoon animation,1,1221,Multi Colors,39460,8,Entertainment,1,08-09-2018,Familiar Characters,1
d3GkLPGPtN8,Jay Shetty Podcast,"If You're In Your 20s, Watch This BEFORE It's Too Late (Seriouslyâ€¦) ",0,2421,Blue,425289,10,Informative,0,16-05-2025,No Dominant Factor,0
1hkvc3kG1dg,The Ambience Girl,Explore Palatial Homes of Prestige: Multimillion Dollar Mansions Crafted to Captivate and Inspire,1,140,White,176332,13,Entertainment,0,12-06-2025,Visual Effects,0
wj3uHcu2S_I,Nas Daily,Alan Watts: The Dream of Life!,1,61,No Dominant Color,41290,6,Informative,0,01-07-2016,No Dominant Factor,0
1Jgoaj_Kudc,Pause with Drama,Feeling Trapped,1,490,Black,22837,6,Entertainment,0,28-07-2025,Engaging Narrative,0
eW_-A8vssNc,DB MotionVerse,A Letter Never Sent ,1,264,Yellow,6493,3,Entertainment ,0,12-06-2025,No Dominant Factor,0
a5V6gdu5ih8,BBC Earth,Lion Trapped by Clan of HyenasÂ ,0,213,Brown,105494115,6,Entertainment ,0,26-11-2018,Familiar Characters,1
dxsawQOQ9lU,CoolVision,New York USA. The largest city in America,1,2507,No Dominant Color,7856777,8,Entertainment ,0,09-11-2021,Exploration and Discovery,0
CaBEdunlaOU,NuNu Tv - Nursery Rhymes,Boo Boo Song + More Nursery Rhymes & Kids Songs,1,848,Yellow,16869080,8,Music,1,17-06-2025,Repetitive Music/Audio,1
IWc-hotGwcM,WB Kids,Tom & Jerry,1,12053,Pastel Colors,35127579,2,Entertainment,1,28-01-2023,Distinctive Sound Effects,1
CckD41netf4,Kiddiz Tv,Ice Cream Ice Cream,1,120,Multi Colors,654,4,Music,1,06-05-2024,Repetitive Music/Audio,0
Fi6kMr5GFYc,The Scary Cherry,15 Surprising Things Found In The Middle Of Nowhere,0,1326,Brown,63214,9,Informative,0,03-08-2021,Distinctive Sound Effects,0
jKe24jmE-9s,Kidibli (Kinder Spielzeug Kanal),Superhero Toys Collection for Kids,1,713,Green,141828537,5,Entertainment ,1,12-03-2019,Familiar Characters,1
BfzMi1EOe4I,CasiCreativo English,Your Organs When You Eat Too Much Sugar,1,147,Multi Colors,4226806,8,Informative,0,07-12-2022,Visual Effects,1
_UNe6tz28OI,Genevieve's Playhouse,Best Toy Learning Video for Toddlers and Kids - Learn Colors and Counting in the Garden!,1,369,Multi Colors,133532274,16,Education,1,23-03-2021,Visual Effects,1
2jAH-51feAA,Cleo Abram,Supersonic Planes Are Coming BACK,0,893,Green,4020030,5,Education,0,12-12-2023,No Dominant Factor,0
dUXk8Nc5qQ8,The Singing Walrus,Action Songs for kids,0,228,Yellow,158499572,4,Music,1,24-09-2015,Repetitive Music/Audio,1
hs39dU2tblQ,Big Bang Academy Kids,Photosynthesisï½œGreen Lover | Vegetable Experiment at home!ï½œChromatography | Science Videos for Kids,1,243,White,15953,12,Education,1,17-02-2022,Discovery,0
V3cVVabChGU,The Kids' Picture Show,Counting Olives - Two Dozen Olives,1,78,Black,576104,5,Education,1,12-04-2013,No Dominant Factor,0
yA79KYMLUpI,Vogue,Inside Emma Watson's Prada Backpack,1,469,No Dominant Color,6145858,5,Entertainment,0,14-09-2023,Familiar Characters,1
PT2_F-1esPk,The Chainsmokers,The Chainsmokers - Closer (Lyric) ft. Halsey,1,261,No Dominant Color,3272633000,6,Music,0,29-07-2016,Catchy/Melodic Music,1
EIUJfXk3_3w,BBC Earth,Puffin Hunts Fish To Feed Puffling Blue Planet II,0,477,Blue,4104250,8,Informative,0,07-08-2021,Distinctive Sound Effects,0
J-fOpp1_lMY,Marvel HQ,Spidey & Miles Aren't Kitten Around!,1,182,Red,29914505,5,Entertainment ,1,27-10-2017,Familiar Characters,1
PWirijQkH4M,MrBeast,Worldâ€™s Deadliest Obstacle Course!,1,1704,Black,344804445,4,Entertainment,0,15-06-2024,Exploration and Discovery,1
4MdR_BEAEFA,Like Natsya,Nastya takes care of little sister and her toy babies,1,1431,Green,10001477,10,Entertainment,1,24-07-2025,Visual Effects,1
0LHmevWVvpc,harisego,I Wanna Grow Old With You - Westlife,1,248,Peach,179902412,7,Music,0,27-09-2017,Catchy/Melodic Music,1
8Wv_8HV8NxU,inspirationX,An animated Biography of the inspiring Walt Disney,0,515,White,477692,8,Informative,0,09-05-2017,Engaging Narrative,0
P6FORpg0KVo,TED,How to Make Learning as Addictive as Social Media,0,774,Black,9344650,9,Informative,0,26-08-2023,No Dominant Factor,0
SJkqGhBWvGc,The Wordy Tales,Stop Filling Your Life With Noise,1,338,Pastel Colors,19592,6,Motivation,0,22-07-2025,Engaging Narrative,0
_BmlZz4f7JY,Relax Zone,Let The Quiet Keep You Safe,0,2483,Green,317713,6,Music,0,13-04-2025,On-screen Positive Feedback,0
tNaOS1_yTFE,STEVE AND MAGGIE,Magic Toys for Kids + MORE Stories for Children from Steve and Maggie,0,837,Red,90380424,12,Entertainment,1,25-07-2018,Element of Surprise,1
8SCv88yriYs,RelentX,How to Force Your Brain to Crave Doing Hard Things,1,161,No Dominant Color,41734,10,Informative,0,02-07-2025,No Dominant Factor,0
vW5GQ_ekjZ4,Pierre Mailhes,Baby's Day Out 1994 Memorable Moments,1,6372,Blue,2659681,6,Entertainment ,1,01-04-2020,Character Novelty,1
AVcVQLPKY-I,Tumble Leaf - Official Channel,FUNNEL | PINWHEEL | TREASURE | WATERING CAN,0,548,Brown,12356,5,Entertainment,1,14-06-2024,Unique Animation Style,0
xLTCivIB4kU,Brett Conti,The Most Perfect Country on the Planet,0,1131,Green,7027691,7,Tourism,0,22-09-2021,Element of Surprise,1
7UZHN7Lulck,Beadies â€“ Educational Cartoons & Early Lerning,Beadies - Hello Song - Nursery Rhymes & Songs,1,101,Multi Colors,8850,7,Nursery Rhyme,1,13-03-2023,Catchy/Melodic Music,0
mJG04WN6HZs,APRO The Robot,Arpo the Robot ,1,641,Multi Colors,414792906,3,Entertainment ,1,17-11-2019,Visual Effects,1
AqDKJ4zeAVQ,Little Owl Beam,Poisoned apple: Snow white.,1,516,Blue,659,4,Short Story,1,28-07-2025,Engaging Narrative,0
1vknaEISQvY,Games For Kids Hub,Let's Play Minecraft - Trying To Find A Village (Episode 8),1,1074,No Dominant Color,63977,10,Gaming,1,20-03-2016,Game-like Progression,0
_JnWad9qoDk,Llama Llama,Getting Ready for the Party,1,138,Green,14285,5,Entertainment,1,17-11-2019,No Dominant Factor,0
s-93WT5MNTM,SBC Discovery Kids,Building God's Temple,1,450,Black,35,3,Informative,1,25-07-2025,No Dominant Factor,0
gm2_6DX_0Bw,Dude Perfect,World Record Edition,1,490,Violet,127235425,3,Entertainment,0,17-05-2016,Familiar Characters,1
2pg4QOqW-aI,WildBrain Zoo,The Snail is Chased by a Dangerous Bird! ,1,912,Green,32077986,8,Entertainment ,1,22-08-2022,Distinctive Sound Effects,1
KYyeNmoLVv0,Kiddiz Tv,Row Row Row Your Boat,0,56,Blue,560,5,Music,1,11-05-2024,Repetitive Music/Audio,0
tChuU2owaOI,Hopscotch,Sentence Song (British English Version),0,118,White,506982,5,Music,1,14-02-2018,No Dominant Factor,0
MI_v5wF2pPA,DareX,The power wheels plane broken down - Paw Patrol repaired the plane,1,165,Yellow,91368509,11,Entertainment,1,09-06-2018,Creative Elements,1
d4qm2sMqQ6M, zooAini,The Baby Panda's Soft Adventures ,1,183, White,228,5,Entertainment,0,29-06-2025,No Dominant Factor,0
BBmrEc7m6-o,BBC Earth,Nile Ibis Birds Create Swimming Pools,0,54,No Dominant Color,66356,6,Informative,0,18-05-2009,No Dominant Factor,0
eiO8IzhYwnQ,Shaun the Sheep & Friends,Shaun the Sheep Season 1,1,720,White,5025097,4,Entertainment,1,17-09-2023,Creative Elements,1
b-Pn0yXL9y8,Motiversity,5 Minutes to Start Your Day Right! ,1,374,No Dominant Color,465191,7,Informative,0,17-04-2020,No Dominant Factor,0
mx6MzHYzEfY,CBS 42,'Apparently' kid interviewed at Pennsylvania county fair,0,84,White,22974490,7,Entertainment ,0,06-08-2014,Character Novelty,1
U4wui1mtotg,Wrath of Math,An Introduction to Sets (Set Theory),0,367,White,27256,6,Education,0,12-09-2016,No Dominant Factor,0
ohKjikxHYAU,Bible In a Nutshell,7 Animated Bible Stories,1,1071,No Dominant Color,807560,4,Entertainment,0,31-12-2023,No Dominant Factor,0
idrbwnWLJ7w,TED-Ed,What staying up all night does to your brain,1,336,Pink,4833713,9,Education,0,21-11-2024,No Dominant Factor,0
7ZWUKxeIDWQ,Bloomberg Orginals,What YouTubeâ€™s CEO Really Thinks About YouTube ,1,1441,Multi Colors,567770,7,Informative,0,30-05-2024,Creative Elements,0
p0jt4n92ZMY,Disney Kids,Magical Ocean Moments!,1,332,Blue,308135528,3,Music,1,15-12-2019,Familiar Characters,1
qmVaEn57EHY,Infobells,Jingle Bells Songs for Children,1,150,Red,141182944,5,Music,1,14-12-2015,Repetitive Music/Audio,1
sAGzZzLrIqg,The Mindfulness Teacher,5 Min Classroom Timer // SUNSET // Relaxing Music,0,315,Purple,55101,7,Music,1,30-09-2021,Catchy/Melodic Music,0
H3EaJLGD7Z8,Sprouts,Teaching for Mastery Learning,0,107,White,46477,4,Education,0,04-11-2014,Distinctive Sound Effects,0
dUDi-F6eAvk,HBO Max,Will Colbert Reunites With Rachel Green on Thanksgiving ,1,307,No Dominant Color,1868499,8,Entertainment ,0,23-11-2024,No Dominant Factor,0
uQiUTFO78Jk,Boddle Learning,Adding Number (Up to 20),0,243,Red,383595,5,Education,1,18-08-2019,Distinctive Sound Effects,0
ppunAo8ckBc,Binge Society ,Catch me if you can: Pretending to be a substitute teacher ,0,229,No Dominant Color,27017742,11,Entertainment ,0,11-08-2021,Familiar Characters,1
3tDJQ4FUvz0,KIS KIS-keep it short,Animated short film on the power of friendship ,1,868,Black,657655,8,Entertainment,1,28-08-2023,Unique Animation Style,0
s2gkocET-v8,TheEllenShow,Halloween Costumes for Your Kids!,1,355,Red,35962007,5,Entertainment,0,16-11-2013,Interactive Kids,1
h5XLRf73sTE,Masha and the Bear,Masha and the Bear 2025  Why Should We Brush Our Teeth? ,1,1068,Purple,10319312,11,Entertainment ,1,31-05-2025,Familiar Characters,1
WT6OkZApBFw,Supercar Blondie,Inside The $50 Million Miniature World,1,919,Multi Colors,2618000,6,Entertainment,0,31-10-2024,Eye Catching Miniatures,1
Z6CdNwGpet8,ToysPlay,Wendy and Andrew Learn to Share Food and Pretend Cook Toy Food,1,203,Red,569364431,12,Food Vlog,1,13-02-2020,Visual Effects,1
UYLVdlNWGRo,Max Fosh,University ChallengedÂ ,1,162,Black,217754,2,Entertainment ,0,18-10-2017,No Dominant Factor,0
HhesaQXLuRY,Trailer Blend,Breaking Bad Trailer,1,127,Multi Colors,14096592,3,Entertainment,0,23-04-2013,Familiar Characters,1
RM9ocdUmZ8g,BBC Earth Kids,Cute Grizzly Bear Cubs Go Fishing ,0,197,No Dominant Color,52501,6,Informative,1,27-11-2019,No Dominant Factor,0
b2sjCyAsFbM,Peter Rabbit,Peter Rabbit - Camping by the Lake ,1,1328,Green,20577743,7,Entertainment ,1,12-06-2021,Distinctive Sound Effects,1
xaCEwyKD_Ug,Netflix India,Bheem Cooks The Best Pongal,0,154,Brown,808113984,5,Entertainment ,1,09-01-2021,Familiar Characters,1
ds0z8BcGDk4,Paul Breed ,Gunthers Ride,0,2293,No Dominant Color,1868100,2,Informative,0,23-02-2025,Exploration and Discovery,0
e3EUdhLcK04,Tudo Tech HD,"Amazing Manufacturing Process for LED TVs, Smartphones and Other Modern Production Methods",0,786,No Dominant Color,9822,12,Informative,0,11-07-2023,Distinctive Sound Effects,0
yjIvkCaq0Zc,The One Academy,Lost,1,334,Yellow,291273,1,Entertainment,0,23-04-2025,No Dominant Factor,0
gvocDKs_Sno,Dude Perfect,Oreo Roll Roulette!,0,57,Multi Colors,184643170,3,Entertainment,0,28-01-2023,Familiar Characters,1
aISXCw0Pi94,TED,Molly Wright: How Every Child Can Thrive by Five,0,462,Red,8641046,9,Informative,1,09-08-2021,On-screen Positive Feedback,1
wOijS9OE_a4,LEGO,LEGO Hero Factory - Jawblade,1,30,Blue,26318,4,Entertainment,1,03-02-2012,No Dominant Factor,0
wVLk86GhdvY,T-Series Kids Hut,RIG a JIG JIG Nursery Rhyme,1,131,Green,69752,6,Nursery Rhymes,1,18-03-2015,Repetitive Music/Audio,0
V9RfmH6IJw,Cartoonito,SOS Mischief,0,75,Brown,46714,2,Entertainment ,1,29-09-2016,No Dominant Factor,0
8uCFMLxTzMI,Drawing Dayss,How to draw Scenery| How to draw scenary | Landscape,0,318,Green,279,9,Education,1,01-07-2024,No Dominant Factor,0
0czvQIZz09E,Disney Jr,Mermaid Rescue,1,307,Purple,201552399,2,Entertainment,1,11-03-2021,Familiar Characters,1
eUDzRl16GuQ,Popeye And Friends Official,Classic Popeye: Oil's Well that Ends Well,1,344,Multi Colors,227270,7,Entertainment,1,29-07-2022,Distinctive Sound Effects,1
KehlqRhYTbI,WildBrain Kids,Mr Bean  DOUBLE TROUBLE ,1,645,Brown,67985812,4,Entertainment ,1,29-03-2019,Familiar Characters,1
u5rjWJyV6sU,N Recaps Animation,Man Finds Innocent Crocodile that Sings and Dances,1,705,No Dominant Color,7902,8,Informative,0,24-11-2022,No Dominant Factor,0
wnzfcfbGp0c,Britishingly Confusing,American English vs British English: 30 Word Differences with Pronunciation,1,136,No Dominant Color,2341,11,Informative,0,26-06-2025,No Dominant Factor,0
yX-wu9cnp7M,Peekaboo Kidz,The Dubby Dubs Theme Song,1,128,Yellow,341658,5,Music,1,14-11-2014,Repetitive Music/Audio,1
AQKSJB44Y_E,NCERT OFFICIAL,"NCERT Text Book Class 3, Family and Friends #Ciet",1,553,No Dominant Color,3910,9,Education,1,13-12-2024,Engaging Narrative,0
daWr9xnkKS4,Formula 1,Race Highlights 2025 British Grand Prix,1,496,No Dominant Color,6318545,6,Entertainment ,0,06-07-2025,No Dominant Factor,0
wkKImZLxcV4,Emotional Plus,God Message For You Today: Jesus Is Right There...Don't Ignore,0,220,Yellow,31,11,Motivation,0,27-07-2025,Religious,0
PQ6Wz4gSkW4,PunToon Kids - English,Practice makes perfect | Animated Stories | English Cartoon | Moral Stories | PunToon Kids,1,860,Multi Colors,497248,11,Motivation,1,10-05-2023,On-screen Positive Feedback,1
gMZvxbKIV3k,Vooks,Tony Baroni Loves Macaroni!,0,264,Pastel Colors,507561,4,Short Story,1,29-03-2025,Engaging Narrative,0
UpzCuKkveTI,Futuristic Tech,15 AMAZING INVENTIONS THAT WILL CHANGE YOUR LIFE,1,963,No Dominant Color,2175793,7,Informative,0,28-02-2024,No Dominant Factor,0
g8tiUAMh3KA,Disney Channel Animation,Video Game Simulation,0,244,Yellow,20024257,3,Gaming,1,05-02-2025,Visual Effects,1
8RjY-_lJmmA,Train Tuber,Reaching Muttarasanallur An Evening View from Erode Fast Passenger,0,237,Green,53,9,Tourism,0,15-06-2020,No Dominant Factor,0
r8vH06Dnj5o,SIM2,I Made Ronaldo TINY,1,597,Green,2981527,4,Music,0,25-03-2023,Distinctive Sound Effects,1
LB6F2PRKVoY,DiscoveryChannellnd,PM Modi's Survival Against Nature!,1,2455,No Dominant Color,423210,5,Informative,0,28-10-2024,Exploration and Discovery,1
XeO5RoVFkIY,Studio,How Charlie Puth Writes a HIT Chorus,1,2072,Brown,155726,7,Music,0,24-04-2025,No Dominant Factor,1
NxAhmHNaGqE,Woolly and Tig Official Channel,â€ª@WoollyandTigOfficialâ€¬- Splash! ,1,259,Pink,127698167,2,Entertainment ,1,12-04-2021,Familiar Characters,1
hGwG--GZEfw,Ryan's World,Walking Water Science Experiments for Kids!!!,0,292,Multi Colors,14013329,6,Education,1,14-09-2019,Familiar Characters,0
ApXoWvfEYVU,Post Malone,"Post Malone, Swae Lee - Sunflower (Spider-Man: Into the Spider-Verse) (Official Video)",1,161,No Dominant Color,2723389186,13,Music,0,18-10-2018,Catchy/Melodic Music,1
FbnPIYcysV8,BabyBus - Kids Songs and Cartoons,My Turn My Turn,1,1016,Yellow,27459533,4,Nursery Rhymes,1,18-07-2025,Catchy/Melodic Music,1
HAAtr_5SmOc,Universe Unfold,The Heisenberg Limit.,1,1603,Black,1145,3,Education,0,20-08-2023,No Dominant Factor,0
KriBQVhsgZk,mycoolvideos,Nike Football: The Last Game full edition,1,422,No Dominant Color,200580788,7,Entertainment,0,09-12-2015,Familiar Characters,1
A7yJ0EKQ0s,Nathan Morris,Shake The Nations Ministries 2024 Highlight Video,1,320,Black,166336,6,Informative,0,02-04-2025,Humanity,1
IcvyW0wcXRg,Kidibli,Cars 3 Toys with Lightning McQueen for Kids,0,603,Red,775313191,8,Entertainment ,1,04-08-2019,Distinctive Sound Effects,1
U5_O5_h9TwA,Travel Kids,China: Pandas - Travel Kids in Asia | China: New Years,1,422,Red,13976,9,Tourism,1,18-08-2024,Exploration and Discovery,0
jJ8xtB-JR-Q,Kalle Anka &C:o,DonaldDuckSnowFight,1,435,Blue,2211434,4,Entertainment,1,20-12-2018,Distinctive Sound Effects,1
4hiENsNt6pU,BBC Earth,Exploring the Adorable World of Baby Animals | BBC Earth,1,2341,No Dominant Color,426197,9,Documentary,0,17-01-2024,Animals,0
ea5M5sFXZbw,real miniworld,Miniature Movable Solar System,1,15,No Dominant Color,864,4,Entertainment,0,21-07-2025,Eye Catching Miniatures,0
YhHYYiBlKTg,ZenVoice,Your Mind is Your Greatest Enemy â€“ Hereâ€™s How to Control It,1,522,No Dominant Color,245596,10,Informative,0,09-02-2025,No Dominant Factor,0
G-bYSs99E48,Fireman Sam,Fireman Sam Air Rescue!,1,1048,Multi Colors,3069259,4,Entertainment,0,19-06-2021,Distinctive Sound Effects,1
oRDRfikj2z8,Scenic Scenes,Baby Animals 4K - Amazing World Of Young Animals,0,1629,Green,19425819,8,Informative,0,16-09-2022,No Dominant Factor,0
4aN5TbGW5JA,Sprouts,The Pygmalion Effect,0,286,White,18907872,3,Education,0,29-05-2019,Distinctive Sound Effects,1
Svtr-p4mrQ8,BBC Radio 1,Ed Sheeran - Shape of You (The Biggest Weekend),1,281,No Dominant Color,41140693,8,Music,0,27-05-2018,Familiar Characters,1
6PV-85gnxkw,Topsy & Tim - WildBrain,Topsy & Tim 302 - Hospital Visit,1,720,Blue,28475251,5,Entertainment,1,05-09-2019,Exploration and Discovery,1
xVvISO9DghQ,Cosmic Kids Yoga,Cosmic Kids DVD - out now!,0,43,Pink,40954,5,Advertisement,1,12-12-2012,No Dominant Factor,0
AuIo_GDxA_Q,BAGONG LANGIT,JESUS IS THE LORD,0,555,No Dominant Color,14142,4,Music,0,12-07-2025,No Dominant Factor,0
GZkvPOT7w-M,littlelambfilms,Funny Indian TVC about a man with a rope!!!,1,59,No Dominant Color,8467,9,Advertisement,0,13-02-2008,No Dominant Factor,0
21c1CrCZKOc,Kids Diana Show,Oliver Inside the CARDBOARD House Challenge,1,1766,Brown,105598700,6,Entertainment,1,07-03-2025,Imaginative Play Scenarios,1
35HowuAepe0,World Friends,American react to chinese english,1,390,White,331530,5,Entertainment,0,23-03-2021,Element of Surprise,1
YbGHfXRlIlw,LiaChaCha - Nursery Rhymes & Baby Songs,Weather Song ,1,12017,Red,2787560,2,Music,1,07-06-2025,Repetitive Music/Audio,1
oGtwrggZbq0,Netflix Jr.,Hankâ€™s First Slumber Partyâ€¦ with Pizza!  Trash Truck,1,274,Peach,8357621,8,Entertainment,1,10-11-2020,Visual Effects,1
INYqyOPAP9Y,Ms Rachel - Toddler Learning Videos,Toddler Learning Video with Ms Rachel,0,3638,Pink,246634516,6,Education,1,06-02-2023,Distinctive Sound Effects,1
FFuiKtPCV2o,Like English,Lisa is at the SQUIT GAMES ... ,0,1659,Grey,435805,6,Short Story,0,13-01-2025,No Dominant Factor,0
hDkTz75lh7Y,Vlad and Niki,Batcave Playset Kids Toy Unboxing and Play with Vlad & Niki,1,261,Yellow,124744091,10,Entertainment ,1,07-06-2022,Element of Surprise,1
pmPVNVrLFF4,Tayo the Little Bus,My friend Cargo Tayo S6 Short Episode  Kids Cartoon Tayo the Little Bus,1,667,Green,3683947,13,Entertainment ,1,04-03-2024,Engaging Narrative,1
NHJbVdRbLqs,LooLoo Kids - Nursery Rhymes and Children's Songs,Johny Johny Yes Papa - Learn Colors with BalloonsÂ ,1,221,Peach,28525298,8,Music,1,25-06-2025,Repetitive Music/Audio,1
OoiwkPyWmoM,Box Yourself,Crafts Ideas for Kids - Plastic Glove Handphone,1,178,Orange,120024341,7,Informative,1,26-12-2025,Creative Elements,1
DS88TwUvzjM,coilbook,Sergeant Cooper the Police Car - Real City Heroes,1,762,White,292033191,8,Entertainment,1,16-05-2015,Visual Effects,1
U_DhgLz_yBg,Mini Yummy,Tasty Idea Cook Delicious KFC x Lay's BBQ Crunch Chicken in Miniature Kitchen,1,244,Peach,9146773,12,Entertainment,0,03-09-2022,Eye Catching Miniatures,1
IM38CTVKNbw,Vibe aura,You'll NEVER see your life the same way again...,0,295,Black,26,9,Motivation,0,24-07-2025,Engaging Narrative,0
GFRgBJLjx6I,Max Fosh,I Hatched A Fish From Supermarket Caviar,1,620,White,5428054,7,Entertainment ,0,18-06-2023,Element of Surprise,1
